Data Set,Target,Biological_Group_Sample,Control,Relative Quantity,Relative Quantity(lg),Relative Quantity SD,Corrected Relative Quantity SD,SD RQ(lg),Relative Quantity SEM,Corrected Relative Quantity SEM,SEM RQ(lg),Relative Quantity 95% CI Low,Relative Quantity 95% CI High,Unscaled Expression,Unscaled Expression(lg),Unscaled Expression SD,Corrected Unscaled Expression SD,SD Unscaled Expression(lg),Unscaled Expression SEM,Corrected Unscaled Expression SEM,SEM Unscaled Expression(lg),Expression,Expression(lg),Expression SD,Corrected Expression SD,SD Expression(lg),Expression SEM,Corrected Expression SEM,SEM Expression(lg),Expression 95% CI Low,Expression 95% CI High,Wells,Mean Cq,Cq SD,Cq SEM,P-Value
2-SYBR,EF1alpha,BA84_14dpe_101,,0.25482,-1.97244,0.10215,0.10215,,0.05897,0.05897,,,,,,,,,,,,,,,,,,,,,,3,17.79,0.58682,0.33880,
2-SYBR,EF1alpha,BA84_14dpe_102,,0.34336,-1.54219,0.11108,0.11108,,0.07854,0.07854,,,,,,,,,,,,,,,,,,,,,,2,17.36,0.47358,0.33487,
2-SYBR,EF1alpha,BA84_14dpe_106,,0.46951,-1.09076,0.14455,0.14455,,0.08346,0.08346,,,,,,,,,,,,,,,,,,,,,,3,16.90,0.45071,0.26022,
2-SYBR,EF1alpha,BA84_14dpe_107,,0.40487,-1.30446,0.24516,0.24516,,0.14154,0.14154,,,,,,,,,,,,,,,,,,,,,,3,17.11,0.88645,0.51179,
1-SYBR,EF1alpha,BA84_14dpe_108,,0.49019,-1.02858,0.23745,0.23745,,0.13709,0.13709,,,,,,,,,,,,,,,,,,,,,,3,16.83,0.70913,0.40942,
1-SYBR,EF1alpha,BA84_14dpe_109,,0.73395,-0.44625,0.07894,0.07894,,0.04557,0.04557,,,,,,,,,,,,,,,,,,,,,,3,16.24,0.15744,0.09090,
2-SYBR,EF1alpha,BA84_14dpe_1917,,0.56367,-0.82708,0.19928,0.19928,,0.11506,0.11506,,,,,,,,,,,,,,,,,,,,,,3,16.63,0.51757,0.29882,
2-SYBR,EF1alpha,BA84_14dpe_1921,,0.63078,-0.66478,0.24971,0.24971,,0.14417,0.14417,,,,,,,,,,,,,,,,,,,,,,3,16.47,0.57952,0.33459,
1-SYBR,EF1alpha,BA84_14dpe_230,,0.59579,-0.74712,0.30745,0.30745,,0.17751,0.17751,,,,,,,,,,,,,,,,,,,,,,3,16.55,0.75545,0.43616,
1-SYBR,EF1alpha,BA84_14dpe_231,,0.45076,-1.14957,0.11346,0.11346,,0.06551,0.06551,,,,,,,,,,,,,,,,,,,,,,3,16.96,0.36850,0.21275,
7-EF1alpha,EF1alpha,BA84_14dpe_2643,,0.92672,-0.10979,0.04555,0.04555,,0.02630,0.02630,,,,,,,,,,,,,,,,,,,,,,3,15.90,0.07195,0.04154,
7-EF1alpha,EF1alpha,BA84_14dpe_2644,,0.45567,-1.13393,0.04918,0.04918,,0.02840,0.02840,,,,,,,,,,,,,,,,,,,,,,3,16.94,0.15801,0.09123,
7-EF1alpha,EF1alpha,BA84_14dpe_2645,,0.75629,-0.40299,0.03544,0.03544,,0.02046,0.02046,,,,,,,,,,,,,,,,,,,,,,3,16.20,0.06860,0.03961,
7-EF1alpha,EF1alpha,BA84_14dpe_2646,,0.74764,-0.41959,0.03543,0.03543,,0.02045,0.02045,,,,,,,,,,,,,,,,,,,,,,3,16.22,0.06937,0.04005,
7-EF1alpha,EF1alpha,BA84_14dpe_2647,,0.89132,-0.16599,0.05979,0.05979,,0.03452,0.03452,,,,,,,,,,,,,,,,,,,,,,3,15.96,0.09821,0.05670,
7-EF1alpha,EF1alpha,BA84_14dpe_2658,,0.79257,-0.33540,0.03276,0.03276,,0.01892,0.01892,,,,,,,,,,,,,,,,,,,,,,3,16.13,0.06052,0.03494,
7-EF1alpha,EF1alpha,BA84_14dpe_2659,,0.87180,-0.19793,0.00752,0.00752,,0.00532,0.00532,,,,,,,,,,,,,,,,,,,,,,2,15.99,0.01263,0.00893,
7-EF1alpha,EF1alpha,BA84_14dpe_2660,,1.01139,0.01634,0.06722,0.06722,,0.03881,0.03881,,,,,,,,,,,,,,,,,,,,,,3,15.77,0.09730,0.05617,
7-EF1alpha,EF1alpha,BA84_14dpe_2661,,1.06193,0.08669,0.01516,0.01516,,0.01072,0.01072,,,,,,,,,,,,,,,,,,,,,,2,15.70,0.02090,0.01478,
7-EF1alpha,EF1alpha,BA84_14dpe_2662,,1.39187,0.47703,0.11065,0.11065,,0.06388,0.06388,,,,,,,,,,,,,,,,,,,,,,3,15.31,0.11638,0.06719,
1-SYBR,EF1alpha,BA84_25dpe_222,,0.57930,-0.78761,0.24242,0.24242,,0.13996,0.13996,,,,,,,,,,,,,,,,,,,,,,3,16.59,0.61260,0.35369,
1-SYBR,EF1alpha,BA84_25dpe_223,,0.73859,-0.43715,0.16379,0.16379,,0.09456,0.09456,,,,,,,,,,,,,,,,,,,,,,3,16.23,0.32463,0.18742,
1-SYBR,EF1alpha,BA84_25dpe_224,,0.85829,-0.22046,0.13031,0.13031,,0.07524,0.07524,,,,,,,,,,,,,,,,,,,,,,3,16.01,0.22227,0.12833,
1-SYBR,EF1alpha,BA84_25dpe_229,,0.77228,-0.37281,0.32759,0.32759,,0.18913,0.18913,,,,,,,,,,,,,,,,,,,,,,3,16.17,0.62097,0.35852,
1-SYBR,EF1alpha,BA84_25dpe_232,,0.71658,-0.48079,0.24222,0.24222,,0.13985,0.13985,,,,,,,,,,,,,,,,,,,,,,3,16.28,0.49484,0.28570,
1-SYBR,EF1alpha,BA84_25dpe_233,,0.67306,-0.57119,0.30537,0.30537,,0.17630,0.17630,,,,,,,,,,,,,,,,,,,,,,3,16.37,0.66418,0.38346,
7-EF1alpha,EF1alpha,BA84_25dpe_2642,,1.48761,0.57300,0.04774,0.04774,,0.02756,0.02756,,,,,,,,,,,,,,,,,,,,,,3,15.21,0.04698,0.02713,
7-EF1alpha,EF1alpha,BA84_25dpe_2663,,1.23011,0.29879,0.07358,0.07358,,0.04248,0.04248,,,,,,,,,,,,,,,,,,,,,,3,15.49,0.08757,0.05056,
7-EF1alpha,EF1alpha,BA84_25dpe_2664,,0.92086,-0.11895,0.12253,0.12253,,0.07074,0.07074,,,,,,,,,,,,,,,,,,,,,,3,15.91,0.19480,0.11247,
7-EF1alpha,EF1alpha,BA84_25dpe_2665,,1.33290,0.41457,0.12709,0.12709,,0.07337,0.07337,,,,,,,,,,,,,,,,,,,,,,3,15.37,0.13958,0.08059,
7-EF1alpha,EF1alpha,BA84_25dpe_2666,,1.30562,0.38473,0.04236,0.04236,,0.02445,0.02445,,,,,,,,,,,,,,,,,,,,,,3,15.40,0.04749,0.02742,
10-SYBR,EF1alpha,BA84_25dpe_2667,,1.16122,0.21564,0.17589,0.17589,,0.10155,0.10155,,,,,,,,,,,,,,,,,,,,,,3,15.57,0.22175,0.12802,
10-SYBR,EF1alpha,BA84_25dpe_2668,,0.84326,-0.24595,0.05517,0.05517,,0.03185,0.03185,,,,,,,,,,,,,,,,,,,,,,3,16.04,0.09577,0.05529,
2-SYBR,EF1alpha,BA84_25dpe_87,,0.49786,-1.00619,0.17895,0.17895,,0.10332,0.10332,,,,,,,,,,,,,,,,,,,,,,3,16.81,0.52619,0.30380,
2-SYBR,EF1alpha,BA84_25dpe_88,,0.52118,-0.94014,0.13925,0.13925,,0.08040,0.08040,,,,,,,,,,,,,,,,,,,,,,3,16.74,0.39113,0.22582,
2-SYBR,EF1alpha,BA84_25dpe_92,,0.56638,-0.82016,0.16447,0.16447,,0.09495,0.09495,,,,,,,,,,,,,,,,,,,,,,3,16.62,0.42509,0.24543,
2-SYBR,EF1alpha,BA84_35dpe_100,,0.53674,-0.89772,0.05325,0.05325,,0.03766,0.03766,,,,,,,,,,,,,,,,,,,,,,2,16.70,0.14525,0.10270,
1-SYBR,EF1alpha,BA84_35dpe_235,,1.15101,0.20290,0.34951,0.34951,,0.20179,0.20179,,,,,,,,,,,,,,,,,,,,,,3,15.58,0.44452,0.25665,
1-SYBR,EF1alpha,BA84_35dpe_236,,1.12255,0.16679,0.11850,0.11850,,0.06842,0.06842,,,,,,,,,,,,,,,,,,,,,,3,15.62,0.15454,0.08922,
1-SYBR,EF1alpha,BA84_35dpe_237,,0.84111,-0.24964,0.34297,0.34297,,0.19801,0.19801,,,,,,,,,,,,,,,,,,,,,,3,16.04,0.59692,0.34463,
1-SYBR,EF1alpha,BA84_35dpe_240,,0.91102,-0.13444,0.21807,0.21807,,0.12590,0.12590,,,,,,,,,,,,,,,,,,,,,,3,15.93,0.35042,0.20232,
1-SYBR,EF1alpha,BA84_35dpe_241,,1.03514,0.04983,0.45838,0.45838,,0.26464,0.26464,,,,,,,,,,,,,,,,,,,,,,3,15.74,0.64825,0.37427,
7-EF1alpha,EF1alpha,BA84_35dpe_2648,,1.02759,0.03927,0.15387,0.15387,,0.08884,0.08884,,,,,,,,,,,,,,,,,,,,,,3,15.75,0.21920,0.12656,
7-EF1alpha,EF1alpha,BA84_35dpe_2649,,1.22709,0.29524,0.03634,0.03634,,0.02098,0.02098,,,,,,,,,,,,,,,,,,,,,,3,15.49,0.04335,0.02503,
7-EF1alpha,EF1alpha,BA84_35dpe_2650,,0.88228,-0.18069,0.04557,0.04557,,0.02631,0.02631,,,,,,,,,,,,,,,,,,,,,,3,15.97,0.07561,0.04365,
7-EF1alpha,EF1alpha,BA84_35dpe_2651,,1.04497,0.06346,0.06567,0.06567,,0.03791,0.03791,,,,,,,,,,,,,,,,,,,,,,3,15.73,0.09200,0.05311,
7-EF1alpha,EF1alpha,BA84_35dpe_2652,,1.29313,0.37087,0.21911,0.21911,,0.12650,0.12650,,,,,,,,,,,,,,,,,,,,,,3,15.41,0.24805,0.14321,
7-EF1alpha,EF1alpha,BA84_35dpe_2653,,1.20114,0.26440,0.10124,0.10124,,0.05845,0.05845,,,,,,,,,,,,,,,,,,,,,,3,15.52,0.12339,0.07124,
7-EF1alpha,EF1alpha,BA84_35dpe_2654,,1.50708,0.59175,0.08958,0.08958,,0.05172,0.05172,,,,,,,,,,,,,,,,,,,,,,3,15.19,0.08701,0.05024,
7-EF1alpha,EF1alpha,BA84_35dpe_2655,,1.11322,0.15474,0.26808,0.26808,,0.15478,0.15478,,,,,,,,,,,,,,,,,,,,,,3,15.63,0.35253,0.20353,
7-EF1alpha,EF1alpha,BA84_35dpe_2656,,1.20223,0.26571,0.08942,0.08942,,0.05162,0.05162,,,,,,,,,,,,,,,,,,,,,,3,15.52,0.10888,0.06286,
7-EF1alpha,EF1alpha,BA84_35dpe_2657,,1.38123,0.46596,0.16010,0.16010,,0.09243,0.09243,,,,,,,,,,,,,,,,,,,,,,3,15.32,0.16968,0.09797,
2-SYBR,EF1alpha,BA84_35dpe_98,,0.66922,-0.57944,0.29407,0.29407,,0.16978,0.16978,,,,,,,,,,,,,,,,,,,,,,3,16.38,0.64328,0.37140,
2-SYBR,EF1alpha,BA84_35dpe_99,,0.53999,-0.88898,0.28184,0.28184,,0.16272,0.16272,,,,,,,,,,,,,,,,,,,,,,3,16.69,0.76407,0.44114,
2-SYBR,EF1alpha,BA84_male_103,,0.21972,-2.18626,0.00000,0.00000,,0.00000,0.00000,,,,,,,,,,,,,,,,,,,,,,1,18.01,0.00000,0.00000,
2-SYBR,EF1alpha,BA84_male_1918,,0.55039,-0.86148,0.05669,0.05669,,0.03273,0.03273,,,,,,,,,,,,,,,,,,,,,,3,16.66,0.15079,0.08706,
2-SYBR,EF1alpha,BA84_male_1919,,0.41232,-1.27816,0.11002,0.11002,,0.06352,0.06352,,,,,,,,,,,,,,,,,,,,,,3,17.09,0.39060,0.22552,
2-SYBR,EF1alpha,BA84_male_1920,,0.33920,-1.55980,0.14275,0.14275,,0.08242,0.08242,,,,,,,,,,,,,,,,,,,,,,3,17.37,0.61610,0.35571,
1-SYBR,EF1alpha,BA84_male_221,,0.53240,-0.90942,0.22307,0.22307,,0.12879,0.12879,,,,,,,,,,,,,,,,,,,,,,3,16.71,0.61337,0.35413,
1-SYBR,EF1alpha,BA84_male_242,,1.54351,0.62622,0.92494,0.92494,,0.53401,0.53401,,,,,,,,,,,,,,,,,,,,,,3,15.16,0.87725,0.50648,
10-SYBR,EF1alpha,BA84_male_2691,,1.39540,0.48068,0.30214,0.30214,,0.21364,0.21364,,,,,,,,,,,,,,,,,,,,,,2,15.30,0.31698,0.22414,
2-SYBR,EF1alpha,BA84_male_89,,0.86199,-0.21426,0.16281,0.16281,,0.09400,0.09400,,,,,,,,,,,,,,,,,,,,,,3,16.01,0.27651,0.15964,
2-SYBR,EF1alpha,BRA20_14dpe_104,,0.54056,-0.88747,0.23749,0.23749,,0.13711,0.13711,,,,,,,,,,,,,,,,,,,,,,3,16.69,0.64315,0.37133,
2-SYBR,EF1alpha,BRA20_14dpe_105,,0.42219,-1.24403,0.24354,0.24354,,0.14061,0.14061,,,,,,,,,,,,,,,,,,,,,,3,17.05,0.84447,0.48755,
1-SYBR,EF1alpha,BRA20_14dpe_110,,0.84955,-0.23523,0.11667,0.11667,,0.06736,0.06736,,,,,,,,,,,,,,,,,,,,,,3,16.03,0.20104,0.11607,
1-SYBR,EF1alpha,BRA20_14dpe_228,,0.76318,-0.38991,0.09719,0.09719,,0.05611,0.05611,,,,,,,,,,,,,,,,,,,,,,3,16.19,0.18643,0.10764,
10-SYBR,EF1alpha,BRA20_14dpe_2669,,0.67579,-0.56535,0.07298,0.07298,,0.04214,0.04214,,,,,,,,,,,,,,,,,,,,,,3,16.36,0.15810,0.09128,
10-SYBR,EF1alpha,BRA20_14dpe_2670,,0.47975,-1.05963,0.03465,0.03465,,0.02001,0.02001,,,,,,,,,,,,,,,,,,,,,,3,16.87,0.10573,0.06104,
10-SYBR,EF1alpha,BRA20_14dpe_2679,,0.59656,-0.74526,0.12222,0.12222,,0.07056,0.07056,,,,,,,,,,,,,,,,,,,,,,3,16.55,0.29991,0.17316,
10-SYBR,EF1alpha,BRA20_14dpe_2682,,1.03018,0.04290,0.14404,0.14404,,0.08316,0.08316,,,,,,,,,,,,,,,,,,,,,,3,15.75,0.20468,0.11817,
10-SYBR,EF1alpha,BRA20_14dpe_2683,,0.82255,-0.28183,0.14400,0.14400,,0.08314,0.08314,,,,,,,,,,,,,,,,,,,,,,3,16.08,0.25628,0.14796,
10-SYBR,EF1alpha,BRA20_14dpe_2684,,0.89227,-0.16446,0.13686,0.13686,,0.07902,0.07902,,,,,,,,,,,,,,,,,,,,,,3,15.96,0.22455,0.12964,
2-SYBR,EF1alpha,BRA20_14dpe_94,,0.47201,-1.08310,0.11908,0.11908,,0.06875,0.06875,,,,,,,,,,,,,,,,,,,,,,3,16.89,0.36933,0.21323,
2-SYBR,EF1alpha,BRA20_18dpe_1916,,0.56314,-0.82843,0.29050,0.29050,,0.16772,0.16772,,,,,,,,,,,,,,,,,,,,,,3,16.63,0.75516,0.43599,
10-SYBR,EF1alpha,BRA20_18dpe_2685,,0.41826,-1.25753,0.01293,0.01293,,0.00914,0.00914,,,,,,,,,,,,,,,,,,,,,,2,17.07,0.04525,0.03199,
1-SYBR,EF1alpha,BRA20_25dpe_225,,0.77447,-0.36872,0.33896,0.33896,,0.19570,0.19570,,,,,,,,,,,,,,,,,,,,,,3,16.16,0.64071,0.36992,
1-SYBR,EF1alpha,BRA20_25dpe_226,,0.61437,-0.70283,0.26584,0.26584,,0.15348,0.15348,,,,,,,,,,,,,,,,,,,,,,3,16.50,0.63346,0.36573,
1-SYBR,EF1alpha,BRA20_25dpe_234,,0.93853,-0.09152,0.49825,0.49825,,0.28767,0.28767,,,,,,,,,,,,,,,,,,,,,,3,15.88,0.77717,0.44870,
1-SYBR,EF1alpha,BRA20_25dpe_246,,0.92659,-0.11000,0.79440,0.79440,,0.45865,0.45865,,,,,,,,,,,,,,,,,,,,,,3,15.90,1.25507,0.72462,
10-SYBR,EF1alpha,BRA20_25dpe_2671,,0.62698,-0.67351,0.09966,0.09966,,0.05754,0.05754,,,,,,,,,,,,,,,,,,,,,,3,16.47,0.23269,0.13434,
10-SYBR,EF1alpha,BRA20_25dpe_2672,,0.61609,-0.69878,0.12622,0.12622,,0.07288,0.07288,,,,,,,,,,,,,,,,,,,,,,3,16.50,0.29992,0.17316,
10-SYBR,EF1alpha,BRA20_25dpe_2673,,0.76766,-0.38147,0.04986,0.04986,,0.02879,0.02879,,,,,,,,,,,,,,,,,,,,,,3,16.18,0.09509,0.05490,
10-SYBR,EF1alpha,BRA20_25dpe_2674,,1.17034,0.22693,0.15744,0.15744,,0.09090,0.09090,,,,,,,,,,,,,,,,,,,,,,3,15.56,0.19694,0.11370,
10-SYBR,EF1alpha,BRA20_25dpe_2675,,0.98555,-0.02101,0.19230,0.19230,,0.11103,0.11103,,,,,,,,,,,,,,,,,,,,,,3,15.81,0.28565,0.16492,
10-SYBR,EF1alpha,BRA20_25dpe_2676,,0.86059,-0.21660,0.06749,0.06749,,0.03896,0.03896,,,,,,,,,,,,,,,,,,,,,,3,16.01,0.11480,0.06628,
2-SYBR,EF1alpha,BRA20_25dpe_90,,0.50528,-0.98483,0.16204,0.16204,,0.09355,0.09355,,,,,,,,,,,,,,,,,,,,,,3,16.79,0.46947,0.27105,
1-SYBR,EF1alpha,BRA20_35dpe_238,,0.94880,-0.07583,0.44851,0.44851,,0.25895,0.25895,,,,,,,,,,,,,,,,,,,,,,3,15.87,0.69202,0.39954,
1-SYBR,EF1alpha,BRA20_35dpe_239,,0.95905,-0.06033,0.42783,0.42783,,0.24701,0.24701,,,,,,,,,,,,,,,,,,,,,,3,15.85,0.65305,0.37704,
1-SYBR,EF1alpha,BRA20_35dpe_243,,1.16307,0.21794,0.62898,0.62898,,0.36314,0.36314,,,,,,,,,,,,,,,,,,,,,,3,15.57,0.79167,0.45707,
1-SYBR,EF1alpha,BRA20_35dpe_244,,0.96250,-0.05514,0.30094,0.30094,,0.17375,0.17375,,,,,,,,,,,,,,,,,,,,,,3,15.85,0.45771,0.26426,
10-SYBR,EF1alpha,BRA20_35dpe_2681,,0.75951,-0.39686,0.05156,0.05156,,0.03646,0.03646,,,,,,,,,,,,,,,,,,,,,,2,16.19,0.09938,0.07027,
10-SYBR,EF1alpha,BRA20_35dpe_2686,,0.82077,-0.28496,0.10957,0.10957,,0.06326,0.06326,,,,,,,,,,,,,,,,,,,,,,3,16.08,0.19543,0.11283,
10-SYBR,EF1alpha,BRA20_35dpe_2688,,0.63669,-0.65133,0.13531,0.13531,,0.07812,0.07812,,,,,,,,,,,,,,,,,,,,,,3,16.45,0.31112,0.17962,
2-SYBR,EF1alpha,BRA20_35dpe_97,,0.38376,-1.38173,0.14828,0.14828,,0.08561,0.08561,,,,,,,,,,,,,,,,,,,,,,3,17.19,0.56564,0.32657,
1-SYBR,EF1alpha,BRA20_male_227,,0.81208,-0.30030,0.06157,0.06157,,0.03555,0.03555,,,,,,,,,,,,,,,,,,,,,,3,16.10,0.11099,0.06408,
1-SYBR,EF1alpha,BRA20_male_245,,0.91592,-0.12671,0.52192,0.52192,,0.30133,0.30133,,,,,,,,,,,,,,,,,,,,,,3,15.92,0.83419,0.48162,
2-SYBR,EF1alpha,BRA20_male_93,,0.51011,-0.97111,0.16048,0.16048,,0.09265,0.09265,,,,,,,,,,,,,,,,,,,,,,3,16.78,0.46053,0.26589,
2-SYBR,EF1alpha,MO190_14dpe_1923,,0.48477,-1.04463,0.18817,0.18817,,0.10864,0.10864,,,,,,,,,,,,,,,,,,,,,,3,16.85,0.56823,0.32807,
10-SYBR,EF1alpha,MO190_14dpe_2687,,0.74726,-0.42031,0.07520,0.07520,,0.04342,0.04342,,,,,,,,,,,,,,,,,,,,,,3,16.22,0.14732,0.08505,
2-SYBR,EF1alpha,MO190_14dpe_95,,0.59549,-0.74786,0.29445,0.29445,,0.17000,0.17000,,,,,,,,,,,,,,,,,,,,,,3,16.55,0.72386,0.41792,
10-SYBR,EF1alpha,MO190_25dpe_2677,,0.41481,-1.26947,0.01742,0.01742,,0.01232,0.01232,,,,,,,,,,,,,,,,,,,,,,2,17.08,0.06148,0.04347,
10-SYBR,EF1alpha,MO190_25dpe_2690,,0.82785,-0.27255,0.07551,0.07551,,0.04359,0.04359,,,,,,,,,,,,,,,,,,,,,,3,16.07,0.13352,0.07709,
2-SYBR,EF1alpha,MO190_25dpe_91,,0.42742,-1.22628,0.27879,0.27879,,0.16096,0.16096,,,,,,,,,,,,,,,,,,,,,,3,17.04,0.95487,0.55129,
10-SYBR,EF1alpha,MO190_35dpe_2678,,0.68985,-0.53565,0.09213,0.09213,,0.05319,0.05319,,,,,,,,,,,,,,,,,,,,,,3,16.33,0.19550,0.11287,
2-SYBR,EF1alpha,MO190_male_96,,0.51024,-0.97074,0.21080,0.21080,,0.12171,0.12171,,,,,,,,,,,,,,,,,,,,,,3,16.78,0.60481,0.34919,
4-SYBR,GST1,BA84_14dpe_101,,0.24997,-2.00019,0.06721,0.06721,,0.03880,0.03880,,,,,,,,,,,,,,,,,,,,,,3,20.42,0.40416,0.23334,
4-SYBR,GST1,BA84_14dpe_102,,0.28689,-1.80143,0.14620,0.14620,,0.08441,0.08441,,,,,,,,,,,,,,,,,,,,,,3,20.21,0.76600,0.44225,
4-SYBR,GST1,BA84_14dpe_106,,0.37580,-1.41198,0.16919,0.16919,,0.09768,0.09768,,,,,,,,,,,,,,,,,,,,,,3,19.80,0.67676,0.39073,
4-SYBR,GST1,BA84_14dpe_107,,0.36209,-1.46560,0.18597,0.18597,,0.10737,0.10737,,,,,,,,,,,,,,,,,,,,,,3,19.86,0.77204,0.44574,
3-SYBR,GST1,BA84_14dpe_108,,0.40941,-1.28837,0.21925,0.21925,,0.12659,0.12659,,,,,,,,,,,,,,,,,,,,,,3,19.67,0.80499,0.46476,
3-SYBR,GST1,BA84_14dpe_109,,0.41527,-1.26789,0.16120,0.16120,,0.09307,0.09307,,,,,,,,,,,,,,,,,,,,,,3,19.65,0.58351,0.33689,
4-SYBR,GST1,BA84_14dpe_1917,,0.58945,-0.76255,0.22048,0.22048,,0.12729,0.12729,,,,,,,,,,,,,,,,,,,,,,3,19.13,0.56225,0.32461,
4-SYBR,GST1,BA84_14dpe_1921,,0.56952,-0.81217,0.20168,0.20168,,0.11644,0.11644,,,,,,,,,,,,,,,,,,,,,,3,19.18,0.53230,0.30732,
3-SYBR,GST1,BA84_14dpe_230,,0.39443,-1.34215,0.17569,0.17569,,0.10143,0.10143,,,,,,,,,,,,,,,,,,,,,,3,19.73,0.66953,0.38655,
3-SYBR,GST1,BA84_14dpe_231,,0.28243,-1.82404,0.13259,0.13259,,0.07655,0.07655,,,,,,,,,,,,,,,,,,,,,,3,20.23,0.70569,0.40743,
8-SYBR,GST1,BA84_14dpe_2643,,0.83449,-0.26103,0.26374,0.26374,,0.15227,0.15227,,,,,,,,,,,,,,,,,,,,,,3,18.60,0.47507,0.27428,
8-SYBR,GST1,BA84_14dpe_2644,,0.26254,-1.92939,0.01730,0.01730,,0.00999,0.00999,,,,,,,,,,,,,,,,,,,,,,3,20.34,0.09906,0.05719,
8-SYBR,GST1,BA84_14dpe_2645,,0.33912,-1.56015,0.09686,0.09686,,0.05592,0.05592,,,,,,,,,,,,,,,,,,,,,,3,19.96,0.42932,0.24787,
8-SYBR,GST1,BA84_14dpe_2646,,0.61050,-0.71193,0.04735,0.04735,,0.02734,0.02734,,,,,,,,,,,,,,,,,,,,,,3,19.07,0.11659,0.06731,
8-SYBR,GST1,BA84_14dpe_2647,,0.71913,-0.47568,0.09324,0.09324,,0.05383,0.05383,,,,,,,,,,,,,,,,,,,,,,3,18.83,0.19489,0.11252,
8-SYBR,GST1,BA84_14dpe_2658,,0.68812,-0.53927,0.13353,0.13353,,0.07709,0.07709,,,,,,,,,,,,,,,,,,,,,,3,18.89,0.29169,0.16841,
8-SYBR,GST1,BA84_14dpe_2659,,0.43713,-1.19387,0.02839,0.02839,,0.02008,0.02008,,,,,,,,,,,,,,,,,,,,,,2,19.57,0.09763,0.06903,
8-SYBR,GST1,BA84_14dpe_2660,,0.64518,-0.63223,0.08206,0.08206,,0.04738,0.04738,,,,,,,,,,,,,,,,,,,,,,3,18.99,0.19119,0.11038,
8-SYBR,GST1,BA84_14dpe_2661,,0.55997,-0.83657,0.07318,0.07318,,0.04225,0.04225,,,,,,,,,,,,,,,,,,,,,,3,19.20,0.19643,0.11341,
8-SYBR,GST1,BA84_14dpe_2662,,0.46993,-1.08948,0.02663,0.02663,,0.01883,0.01883,,,,,,,,,,,,,,,,,,,,,,2,19.47,0.08517,0.06023,
3-SYBR,GST1,BA84_25dpe_222,,0.53062,-0.91426,0.27977,0.27977,,0.16152,0.16152,,,,,,,,,,,,,,,,,,,,,,3,19.28,0.79255,0.45758,
3-SYBR,GST1,BA84_25dpe_223,,0.45325,-1.14162,0.19293,0.19293,,0.11139,0.11139,,,,,,,,,,,,,,,,,,,,,,3,19.52,0.63983,0.36941,
3-SYBR,GST1,BA84_25dpe_224,,0.51772,-0.94976,0.07774,0.07774,,0.04489,0.04489,,,,,,,,,,,,,,,,,,,,,,3,19.32,0.22572,0.13032,
3-SYBR,GST1,BA84_25dpe_229,,0.54887,-0.86545,0.24638,0.24638,,0.14225,0.14225,,,,,,,,,,,,,,,,,,,,,,3,19.23,0.67474,0.38956,
3-SYBR,GST1,BA84_25dpe_232,,0.60884,-0.71587,0.20702,0.20702,,0.11952,0.11952,,,,,,,,,,,,,,,,,,,,,,3,19.08,0.51111,0.29509,
3-SYBR,GST1,BA84_25dpe_233,,0.47414,-1.07661,0.24631,0.24631,,0.14221,0.14221,,,,,,,,,,,,,,,,,,,,,,3,19.45,0.78088,0.45084,
8-SYBR,GST1,BA84_25dpe_2642,,0.36206,-1.46570,0.05025,0.05025,,0.03553,0.03553,,,,,,,,,,,,,,,,,,,,,,2,19.86,0.20861,0.14751,
8-SYBR,GST1,BA84_25dpe_2663,,0.57736,-0.79245,0.00910,0.00910,,0.00644,0.00644,,,,,,,,,,,,,,,,,,,,,,2,19.16,0.02370,0.01676,
8-SYBR,GST1,BA84_25dpe_2664,,0.55471,-0.85020,0.10330,0.10330,,0.05964,0.05964,,,,,,,,,,,,,,,,,,,,,,3,19.22,0.27991,0.16161,
8-SYBR,GST1,BA84_25dpe_2665,,0.84951,-0.23530,0.20515,0.20515,,0.11845,0.11845,,,,,,,,,,,,,,,,,,,,,,3,18.58,0.36301,0.20958,
8-SYBR,GST1,BA84_25dpe_2666,,0.58596,-0.77113,0.05791,0.05791,,0.04095,0.04095,,,,,,,,,,,,,,,,,,,,,,2,19.13,0.14855,0.10504,
11-SYBR,GST1,BA84_25dpe_2667,,1.08401,0.11638,0.13429,0.13429,,0.07753,0.07753,,,,,,,,,,,,,,,,,,,,,,3,18.21,0.18621,0.10751,
11-SYBR,GST1,BA84_25dpe_2668,,1.02492,0.03551,0.11843,0.11843,,0.06838,0.06838,,,,,,,,,,,,,,,,,,,,,,3,18.29,0.17370,0.10028,
4-SYBR,GST1,BA84_25dpe_87,,0.31134,-1.68346,0.17810,0.17810,,0.10283,0.10283,,,,,,,,,,,,,,,,,,,,,,3,20.09,0.85989,0.49646,
4-SYBR,GST1,BA84_25dpe_88,,0.33642,-1.57168,0.14414,0.14414,,0.08322,0.08322,,,,,,,,,,,,,,,,,,,,,,3,19.97,0.64404,0.37184,
4-SYBR,GST1,BA84_25dpe_92,,0.57034,-0.81012,0.14243,0.14243,,0.08223,0.08223,,,,,,,,,,,,,,,,,,,,,,3,19.18,0.37540,0.21674,
4-SYBR,GST1,BA84_35dpe_100,,0.34665,-1.52845,0.15473,0.15473,,0.08934,0.08934,,,,,,,,,,,,,,,,,,,,,,3,19.92,0.67097,0.38739,
3-SYBR,GST1,BA84_35dpe_235,,0.48631,-1.04004,0.17879,0.17879,,0.10323,0.10323,,,,,,,,,,,,,,,,,,,,,,3,19.41,0.55263,0.31906,
3-SYBR,GST1,BA84_35dpe_236,,0.75953,-0.39682,0.26543,0.26543,,0.15324,0.15324,,,,,,,,,,,,,,,,,,,,,,3,18.74,0.52530,0.30328,
3-SYBR,GST1,BA84_35dpe_237,,0.35312,-1.50177,0.18111,0.18111,,0.10456,0.10456,,,,,,,,,,,,,,,,,,,,,,3,19.90,0.77096,0.44511,
3-SYBR,GST1,BA84_35dpe_240,,0.40928,-1.28886,0.18570,0.18570,,0.10721,0.10721,,,,,,,,,,,,,,,,,,,,,,3,19.67,0.68201,0.39376,
3-SYBR,GST1,BA84_35dpe_241,,0.40784,-1.29393,0.23763,0.23763,,0.13720,0.13720,,,,,,,,,,,,,,,,,,,,,,3,19.68,0.87584,0.50567,
8-SYBR,GST1,BA84_35dpe_2648,,0.56831,-0.81525,0.06759,0.06759,,0.03902,0.03902,,,,,,,,,,,,,,,,,,,,,,3,19.18,0.17876,0.10321,
8-SYBR,GST1,BA84_35dpe_2649,,0.38682,-1.37028,0.09657,0.09657,,0.05575,0.05575,,,,,,,,,,,,,,,,,,,,,,3,19.76,0.37527,0.21666,
8-SYBR,GST1,BA84_35dpe_2650,,0.39254,-1.34907,0.00413,0.00413,,0.00292,0.00292,,,,,,,,,,,,,,,,,,,,,,2,19.74,0.01581,0.01118,
8-SYBR,GST1,BA84_35dpe_2651,,0.36448,-1.45610,0.00595,0.00595,,0.00421,0.00421,,,,,,,,,,,,,,,,,,,,,,2,19.85,0.02456,0.01736,
8-SYBR,GST1,BA84_35dpe_2652,,0.72454,-0.46487,0.13803,0.13803,,0.07969,0.07969,,,,,,,,,,,,,,,,,,,,,,3,18.82,0.28636,0.16533,
8-SYBR,GST1,BA84_35dpe_2653,,0.36450,-1.45601,0.00686,0.00686,,0.00485,0.00485,,,,,,,,,,,,,,,,,,,,,,2,19.85,0.02829,0.02000,
8-SYBR,GST1,BA84_35dpe_2654,,0.60866,-0.71630,0.00765,0.00765,,0.00541,0.00541,,,,,,,,,,,,,,,,,,,,,,2,19.08,0.01888,0.01335,
8-SYBR,GST1,BA84_35dpe_2655,,0.42767,-1.22542,0.01436,0.01436,,0.01015,0.01015,,,,,,,,,,,,,,,,,,,,,,2,19.61,0.05047,0.03569,
8-SYBR,GST1,BA84_35dpe_2656,,0.64868,-0.62443,0.06766,0.06766,,0.03906,0.03906,,,,,,,,,,,,,,,,,,,,,,3,18.98,0.15679,0.09052,
8-SYBR,GST1,BA84_35dpe_2657,,0.96220,-0.05559,0.17077,0.17077,,0.09859,0.09859,,,,,,,,,,,,,,,,,,,,,,3,18.39,0.26678,0.15402,
4-SYBR,GST1,BA84_35dpe_98,,0.43482,-1.20150,0.24699,0.24699,,0.14260,0.14260,,,,,,,,,,,,,,,,,,,,,,3,19.58,0.85383,0.49296,
4-SYBR,GST1,BA84_35dpe_99,,0.46835,-1.09434,0.26829,0.26829,,0.15490,0.15490,,,,,,,,,,,,,,,,,,,,,,3,19.47,0.86106,0.49714,
4-SYBR,GST1,BA84_male_103,,0.08962,-3.47999,0.04696,0.04696,,0.02711,0.02711,,,,,,,,,,,,,,,,,,,,,,3,21.96,0.78764,0.45475,
4-SYBR,GST1,BA84_male_1918,,0.38817,-1.36524,0.11762,0.11762,,0.06791,0.06791,,,,,,,,,,,,,,,,,,,,,,3,19.75,0.45549,0.26298,
4-SYBR,GST1,BA84_male_1919,,0.35527,-1.49303,0.14474,0.14474,,0.08357,0.08357,,,,,,,,,,,,,,,,,,,,,,3,19.89,0.61241,0.35358,
4-SYBR,GST1,BA84_male_1920,,0.22972,-2.12206,0.11261,0.11261,,0.06501,0.06501,,,,,,,,,,,,,,,,,,,,,,3,20.54,0.73686,0.42543,
3-SYBR,GST1,BA84_male_221,,0.26279,-1.92800,0.06386,0.06386,,0.03687,0.03687,,,,,,,,,,,,,,,,,,,,,,3,20.34,0.36530,0.21091,
3-SYBR,GST1,BA84_male_242,,0.46887,-1.09274,0.37415,0.37415,,0.21601,0.21601,,,,,,,,,,,,,,,,,,,,,,3,19.47,1.19949,0.69253,
11-SYBR,GST1,BA84_male_2691,,1.01074,0.01541,0.12217,0.12217,,0.07053,0.07053,,,,,,,,,,,,,,,,,,,,,,3,18.32,0.18168,0.10490,
4-SYBR,GST1,BA84_male_89,,0.64237,-0.63853,0.07625,0.07625,,0.04402,0.04402,,,,,,,,,,,,,,,,,,,,,,3,19.00,0.17843,0.10302,
4-SYBR,GST1,BRA20_14dpe_104,,0.50486,-0.98603,0.28765,0.28765,,0.16608,0.16608,,,,,,,,,,,,,,,,,,,,,,3,19.36,0.85644,0.49447,
4-SYBR,GST1,BRA20_14dpe_105,,0.60151,-0.73334,0.20440,0.20440,,0.11801,0.11801,,,,,,,,,,,,,,,,,,,,,,3,19.10,0.51079,0.29491,
3-SYBR,GST1,BRA20_14dpe_110,,0.74837,-0.41818,0.12129,0.12129,,0.07003,0.07003,,,,,,,,,,,,,,,,,,,,,,3,18.77,0.24362,0.14066,
3-SYBR,GST1,BRA20_14dpe_228,,0.43511,-1.20055,0.14357,0.14357,,0.08289,0.08289,,,,,,,,,,,,,,,,,,,,,,3,19.58,0.49598,0.28636,
11-SYBR,GST1,BRA20_14dpe_2669,,0.78550,-0.34831,0.11931,0.11931,,0.06889,0.06889,,,,,,,,,,,,,,,,,,,,,,3,18.69,0.22832,0.13182,
11-SYBR,GST1,BRA20_14dpe_2670,,0.86793,-0.20435,0.16945,0.16945,,0.09783,0.09783,,,,,,,,,,,,,,,,,,,,,,3,18.54,0.29348,0.16944,
11-SYBR,GST1,BRA20_14dpe_2679,,1.55528,0.63717,0.26515,0.26515,,0.15309,0.15309,,,,,,,,,,,,,,,,,,,,,,3,17.67,0.25627,0.14796,
11-SYBR,GST1,BRA20_14dpe_2682,,0.85532,-0.22547,0.01783,0.01783,,0.01261,0.01261,,,,,,,,,,,,,,,,,,,,,,2,18.57,0.03133,0.02216,
11-SYBR,GST1,BRA20_14dpe_2683,,1.05991,0.08394,0.16385,0.16385,,0.09460,0.09460,,,,,,,,,,,,,,,,,,,,,,3,18.24,0.23237,0.13416,
11-SYBR,GST1,BRA20_14dpe_2684,,0.91164,-0.13347,0.09344,0.09344,,0.06607,0.06607,,,,,,,,,,,,,,,,,,,,,,2,18.47,0.15407,0.10894,
4-SYBR,GST1,BRA20_14dpe_94,,0.43799,-1.19104,0.24198,0.24198,,0.13971,0.13971,,,,,,,,,,,,,,,,,,,,,,3,19.57,0.83048,0.47948,
4-SYBR,GST1,BRA20_18dpe_1916,,0.54864,-0.86606,0.21658,0.21658,,0.12504,0.12504,,,,,,,,,,,,,,,,,,,,,,3,19.23,0.59340,0.34260,
11-SYBR,GST1,BRA20_18dpe_2685,,1.82268,0.86606,0.11358,0.11358,,0.06557,0.06557,,,,,,,,,,,,,,,,,,,,,,3,17.43,0.09367,0.05408,
3-SYBR,GST1,BRA20_25dpe_225,,0.59506,-0.74889,0.15597,0.15597,,0.09005,0.09005,,,,,,,,,,,,,,,,,,,,,,3,19.11,0.39399,0.22747,
3-SYBR,GST1,BRA20_25dpe_226,,0.32104,-1.63920,0.15760,0.15760,,0.09099,0.09099,,,,,,,,,,,,,,,,,,,,,,3,20.04,0.73790,0.42603,
3-SYBR,GST1,BRA20_25dpe_234,,0.54961,-0.86351,0.34746,0.34746,,0.20061,0.20061,,,,,,,,,,,,,,,,,,,,,,3,19.23,0.95029,0.54865,
3-SYBR,GST1,BRA20_25dpe_246,,0.86414,-0.21067,0.13170,0.13170,,0.09312,0.09312,,,,,,,,,,,,,,,,,,,,,,2,18.55,0.22908,0.16199,
11-SYBR,GST1,BRA20_25dpe_2671,,0.63947,-0.64506,0.07622,0.07622,,0.05389,0.05389,,,,,,,,,,,,,,,,,,,,,,2,19.00,0.17916,0.12669,
11-SYBR,GST1,BRA20_25dpe_2672,,0.87808,-0.18757,0.14405,0.14405,,0.08317,0.08317,,,,,,,,,,,,,,,,,,,,,,3,18.53,0.24659,0.14237,
11-SYBR,GST1,BRA20_25dpe_2673,,0.61599,-0.69903,0.00603,0.00603,,0.00426,0.00426,,,,,,,,,,,,,,,,,,,,,,2,19.06,0.01472,0.01041,
11-SYBR,GST1,BRA20_25dpe_2674,,0.95747,-0.06270,0.17165,0.17165,,0.09910,0.09910,,,,,,,,,,,,,,,,,,,,,,3,18.40,0.26948,0.15559,
11-SYBR,GST1,BRA20_25dpe_2675,,0.69925,-0.51611,0.07838,0.07838,,0.04525,0.04525,,,,,,,,,,,,,,,,,,,,,,3,18.87,0.16849,0.09728,
11-SYBR,GST1,BRA20_25dpe_2676,,0.67387,-0.56945,0.12330,0.12330,,0.07119,0.07119,,,,,,,,,,,,,,,,,,,,,,3,18.92,0.27505,0.15880,
4-SYBR,GST1,BRA20_25dpe_90,,0.42785,-1.22481,0.13934,0.13934,,0.08045,0.08045,,,,,,,,,,,,,,,,,,,,,,3,19.61,0.48954,0.28264,
3-SYBR,GST1,BRA20_35dpe_238,,0.22314,-2.16399,0.18101,0.18101,,0.10451,0.10451,,,,,,,,,,,,,,,,,,,,,,3,20.59,1.21937,0.70400,
3-SYBR,GST1,BRA20_35dpe_239,,0.54417,-0.87788,0.29067,0.29067,,0.16782,0.16782,,,,,,,,,,,,,,,,,,,,,,3,19.25,0.80293,0.46357,
3-SYBR,GST1,BRA20_35dpe_243,,0.40671,-1.29793,0.24030,0.24030,,0.13874,0.13874,,,,,,,,,,,,,,,,,,,,,,3,19.68,0.88813,0.51276,
3-SYBR,GST1,BRA20_35dpe_244,,0.59269,-0.75465,0.21865,0.21865,,0.12624,0.12624,,,,,,,,,,,,,,,,,,,,,,3,19.12,0.55453,0.32016,
11-SYBR,GST1,BRA20_35dpe_2681,,1.14617,0.19682,0.00092,0.00092,,0.00065,0.00065,,,,,,,,,,,,,,,,,,,,,,2,18.13,0.00121,0.00086,
11-SYBR,GST1,BRA20_35dpe_2686,,0.82919,-0.27022,0.07540,0.07540,,0.04353,0.04353,,,,,,,,,,,,,,,,,,,,,,3,18.61,0.13669,0.07892,
11-SYBR,GST1,BRA20_35dpe_2688,,1.98250,0.98732,0.28201,0.28201,,0.16282,0.16282,,,,,,,,,,,,,,,,,,,,,,3,17.30,0.21382,0.12345,
4-SYBR,GST1,BRA20_35dpe_97,,0.57377,-0.80145,0.14871,0.14871,,0.08586,0.08586,,,,,,,,,,,,,,,,,,,,,,3,19.17,0.38959,0.22493,
3-SYBR,GST1,BRA20_male_227,,0.22919,-2.12540,0.09000,0.09000,,0.05196,0.05196,,,,,,,,,,,,,,,,,,,,,,3,20.55,0.59031,0.34082,
3-SYBR,GST1,BRA20_male_245,,0.30808,-1.69863,0.26138,0.26138,,0.15091,0.15091,,,,,,,,,,,,,,,,,,,,,,3,20.10,1.27531,0.73630,
4-SYBR,GST1,BRA20_male_93,,0.51481,-0.95790,0.11810,0.11810,,0.06819,0.06819,,,,,,,,,,,,,,,,,,,,,,3,19.33,0.34484,0.19910,
4-SYBR,GST1,MO190_14dpe_1923,,0.39735,-1.33150,0.10765,0.10765,,0.06215,0.06215,,,,,,,,,,,,,,,,,,,,,,3,19.72,0.40723,0.23512,
11-SYBR,GST1,MO190_14dpe_2687,,0.75261,-0.41003,0.16334,0.16334,,0.09430,0.09430,,,,,,,,,,,,,,,,,,,,,,3,18.76,0.32624,0.18835,
4-SYBR,GST1,MO190_14dpe_95,,0.34452,-1.53732,0.23598,0.23598,,0.13624,0.13624,,,,,,,,,,,,,,,,,,,,,,3,19.93,1.02959,0.59443,
11-SYBR,GST1,MO190_25dpe_2677,,0.83910,-0.25309,0.05829,0.05829,,0.03365,0.03365,,,,,,,,,,,,,,,,,,,,,,3,18.59,0.10441,0.06028,
11-SYBR,GST1,MO190_25dpe_2690,,0.95445,-0.06725,0.12562,0.12562,,0.07252,0.07252,,,,,,,,,,,,,,,,,,,,,,3,18.40,0.19783,0.11422,
4-SYBR,GST1,MO190_25dpe_91,,0.35367,-1.49954,0.17659,0.17659,,0.10195,0.10195,,,,,,,,,,,,,,,,,,,,,,3,19.89,0.75054,0.43333,
11-SYBR,GST1,MO190_35dpe_2678,,0.77977,-0.35887,0.14568,0.14568,,0.08411,0.08411,,,,,,,,,,,,,,,,,,,,,,3,18.70,0.28083,0.16214,
4-SYBR,GST1,MO190_male_96,,0.49289,-1.02066,0.23114,0.23114,,0.13345,0.13345,,,,,,,,,,,,,,,,,,,,,,3,19.39,0.70491,0.40698,
6-SYBR,vitellogenin,BA84_14dpe_101,,1.07861,0.10917,0.70752,0.70752,,0.40849,0.40849,,,,4.27369,2.09548,2.98708,2.98708,,1.72459,1.72459,,4.27369,2.09548,2.98708,2.98708,,1.72459,1.72459,,,,3,13.60,0.97328,0.56192,
6-SYBR,vitellogenin,BA84_14dpe_102,,0.86798,-0.20427,1.15959,1.15959,,0.66949,0.66949,,,,2.76549,1.46753,3.78772,3.78772,,2.18684,2.18684,,2.76549,1.46753,3.78772,3.78772,,2.18684,2.18684,,,,3,13.92,1.98226,1.14446,
6-SYBR,vitellogenin,BA84_14dpe_106,,0.45111,-1.14844,0.59278,0.59278,,0.34224,0.34224,,,,1.07396,0.10293,1.44129,1.44129,,0.83213,0.83213,,1.07396,0.10293,1.44129,1.44129,,0.83213,0.83213,,,,3,14.89,1.94972,1.12567,
6-SYBR,vitellogenin,BA84_14dpe_107,,0.51940,-0.94507,0.24282,0.24282,,0.14019,0.14019,,,,1.35656,0.43996,0.83203,0.83203,,0.48037,0.48037,,1.35656,0.43996,0.83203,0.83203,,0.48037,0.48037,,,,3,14.68,0.69367,0.40049,
5-SYBR,vitellogenin,BA84_14dpe_108,,1.37666,0.46118,0.28735,0.28735,,0.16590,0.16590,,,,3.07301,1.61965,1.28158,1.28158,,0.73992,0.73992,,3.07301,1.61965,1.28158,1.28158,,0.73992,0.73992,,,,3,13.24,0.30970,0.17881,
5-SYBR,vitellogenin,BA84_14dpe_109,,1.55128,0.63346,0.07294,0.07294,,0.04211,0.04211,,,,2.80992,1.49053,0.58115,0.58115,,0.33553,0.33553,,2.80992,1.49053,0.58115,0.58115,,0.33553,0.33553,,,,3,13.06,0.06976,0.04028,
6-SYBR,vitellogenin,BA84_14dpe_1917,,0.77490,-0.36791,0.32570,0.32570,,0.18804,0.18804,,,,1.34435,0.42691,0.66253,0.66253,,0.38251,0.38251,,1.34435,0.42691,0.66253,0.66253,,0.38251,0.38251,,,,3,14.09,0.62363,0.36005,
6-SYBR,vitellogenin,BA84_14dpe_1921,,0.68793,-0.53967,0.12639,0.12639,,0.07297,0.07297,,,,1.14775,0.19881,0.37064,0.37064,,0.21399,0.21399,,1.14775,0.19881,0.37064,0.37064,,0.21399,0.21399,,,,3,14.27,0.27259,0.15738,
5-SYBR,vitellogenin,BA84_14dpe_230,,0.86381,-0.21121,0.33976,0.33976,,0.19616,0.19616,,,,1.78191,0.83343,0.92741,0.92741,,0.53544,0.53544,,1.78191,0.83343,0.92741,0.92741,,0.53544,0.53544,,,,3,13.93,0.58359,0.33694,
5-SYBR,vitellogenin,BA84_14dpe_231,,0.64228,-0.63872,0.05051,0.05051,,0.02916,0.02916,,,,1.80012,0.84809,0.49992,0.49992,,0.28863,0.28863,,1.80012,0.84809,0.49992,0.49992,,0.28863,0.28863,,,,3,14.37,0.11668,0.06736,
9-SYBR,vitellogenin,BA84_14dpe_2643,,0.65287,-0.61513,0.05861,0.05861,,0.03384,0.03384,,,,0.74241,-0.42972,0.13615,0.13615,,0.07861,0.07861,,0.74241,-0.42972,0.13615,0.13615,,0.07861,0.07861,,,,3,14.34,0.13320,0.07690,
9-SYBR,vitellogenin,BA84_14dpe_2644,,0.35654,-1.48785,0.02794,0.02794,,0.01613,0.01613,,,,1.03083,0.04381,0.10379,0.10379,,0.05993,0.05993,,1.03083,0.04381,0.10379,0.10379,,0.05993,0.05993,,,,3,15.24,0.11627,0.06713,
9-SYBR,vitellogenin,BA84_14dpe_2645,,0.55245,-0.85609,0.14229,0.14229,,0.08215,0.08215,,,,1.09087,0.12548,0.32229,0.32229,,0.18607,0.18607,,1.09087,0.12548,0.32229,0.32229,,0.18607,0.18607,,,,3,14.59,0.38217,0.22065,
9-SYBR,vitellogenin,BA84_14dpe_2646,,0.48780,-1.03563,0.02915,0.02915,,0.02061,0.02061,,,,0.72203,-0.46987,0.05420,0.05420,,0.03833,0.03833,,0.72203,-0.46987,0.05420,0.05420,,0.03833,0.03833,,,,2,14.78,0.08866,0.06269,
9-SYBR,vitellogenin,BA84_14dpe_2647,,0.44958,-1.15335,0.06794,0.06794,,0.03923,0.03923,,,,0.56155,-0.83252,0.09424,0.09424,,0.05441,0.05441,,0.56155,-0.83252,0.09424,0.09424,,0.05441,0.05441,,,,3,14.90,0.22423,0.12946,
9-SYBR,vitellogenin,BA84_14dpe_2658,,1.46251,0.54845,0.25774,0.25774,,0.18225,0.18225,,,,1.98039,0.98578,0.40050,0.40050,,0.28320,0.28320,,1.98039,0.98578,0.40050,0.40050,,0.28320,0.28320,,,,2,13.15,0.26148,0.18490,
9-SYBR,vitellogenin,BA84_14dpe_2659,,0.67186,-0.57377,0.03050,0.03050,,0.02157,0.02157,,,,1.08834,0.12213,0.06093,0.06093,,0.04309,0.04309,,1.08834,0.12213,0.06093,0.06093,,0.04309,0.04309,,,,2,14.30,0.06737,0.04764,
9-SYBR,vitellogenin,BA84_14dpe_2660,,0.60940,-0.71454,0.03582,0.03582,,0.02533,0.02533,,,,0.75440,-0.40660,0.06998,0.06998,,0.04948,0.04948,,0.75440,-0.40660,0.06998,0.06998,,0.04948,0.04948,,,,2,14.44,0.08722,0.06167,
9-SYBR,vitellogenin,BA84_14dpe_2661,,0.31772,-1.65419,0.04231,0.04231,,0.02992,0.02992,,,,0.41201,-1.27924,0.06119,0.06119,,0.04327,0.04327,,0.41201,-1.27924,0.06119,0.06119,,0.04327,0.04327,,,,2,15.41,0.19760,0.13973,
9-SYBR,vitellogenin,BA84_14dpe_2662,,0.39671,-1.33384,0.01211,0.01211,,0.00856,0.00856,,,,0.49052,-1.02762,0.02824,0.02824,,0.01997,0.01997,,0.49052,-1.02762,0.02824,0.02824,,0.01997,0.01997,,,,2,15.08,0.04529,0.03203,
5-SYBR,vitellogenin,BA84_25dpe_222,,0.69540,-0.52408,0.29593,0.29593,,0.17086,0.17086,,,,1.25428,0.32686,0.68053,0.68053,,0.39290,0.39290,,1.25428,0.32686,0.68053,0.68053,,0.39290,0.39290,,,,3,14.25,0.63142,0.36455,
5-SYBR,vitellogenin,BA84_25dpe_223,,0.85491,-0.22615,0.10120,0.10120,,0.05843,0.05843,,,,1.47757,0.56323,0.39538,0.39538,,0.22827,0.22827,,1.47757,0.56323,0.39538,0.39538,,0.22827,0.22827,,,,3,13.94,0.17565,0.10141,
5-SYBR,vitellogenin,BA84_25dpe_224,,1.01869,0.02671,0.28569,0.28569,,0.16494,0.16494,,,,1.52819,0.61182,0.45858,0.45858,,0.26476,0.26476,,1.52819,0.61182,0.45858,0.45858,,0.26476,0.26476,,,,3,13.68,0.41611,0.24024,
5-SYBR,vitellogenin,BA84_25dpe_229,,0.80686,-0.30961,0.29903,0.29903,,0.17265,0.17265,,,,1.23929,0.30952,0.59784,0.59784,,0.34516,0.34516,,1.23929,0.30952,0.59784,0.59784,,0.34516,0.34516,,,,3,14.03,0.54990,0.31749,
5-SYBR,vitellogenin,BA84_25dpe_232,,0.59897,-0.73945,0.43818,0.43818,,0.25298,0.25298,,,,0.90681,-0.14112,0.69810,0.69810,,0.40305,0.40305,,0.90681,-0.14112,0.69810,0.69810,,0.40305,0.40305,,,,3,14.47,1.08546,0.62669,
5-SYBR,vitellogenin,BA84_25dpe_233,,0.72202,-0.46988,0.22735,0.22735,,0.13126,0.13126,,,,1.27812,0.35402,0.59686,0.59686,,0.34460,0.34460,,1.27812,0.35402,0.59686,0.59686,,0.34460,0.34460,,,,3,14.19,0.46721,0.26974,
9-SYBR,vitellogenin,BA84_25dpe_2642,,0.51233,-0.96486,0.04755,0.04755,,0.02745,0.02745,,,,0.69809,-0.51851,0.08167,0.08167,,0.04715,0.04715,,0.69809,-0.51851,0.08167,0.08167,,0.04715,0.04715,,,,3,14.70,0.13770,0.07950,
9-SYBR,vitellogenin,BA84_25dpe_2663,,0.55707,-0.84407,0.09592,0.09592,,0.05538,0.05538,,,,0.66102,-0.59724,0.11564,0.11564,,0.06677,0.06677,,0.66102,-0.59724,0.11564,0.11564,,0.06677,0.06677,,,,3,14.58,0.25549,0.14751,
9-SYBR,vitellogenin,BA84_25dpe_2664,,0.29692,-1.75188,0.01048,0.01048,,0.00741,0.00741,,,,0.41544,-1.26730,0.04975,0.04975,,0.03518,0.03518,,0.41544,-1.26730,0.04975,0.04975,,0.03518,0.03518,,,,2,15.51,0.05239,0.03705,
9-SYBR,vitellogenin,BA84_25dpe_2665,,0.48666,-1.03900,0.08182,0.08182,,0.05786,0.05786,,,,0.45735,-1.12864,0.09715,0.09715,,0.06869,0.06869,,0.45735,-1.12864,0.09715,0.09715,,0.06869,0.06869,,,,2,14.78,0.24945,0.17639,
9-SYBR,vitellogenin,BA84_25dpe_2666,,0.30367,-1.71941,0.01352,0.01352,,0.00956,0.00956,,,,0.34719,-1.52621,0.02377,0.02377,,0.01681,0.01681,,0.34719,-1.52621,0.02377,0.02377,,0.01681,0.01681,,,,2,15.48,0.06606,0.04671,
12-SYBR,vitellogenin,BA84_25dpe_2667,,0.78960,-0.34081,0.05765,0.05765,,0.04076,0.04076,,,,0.70377,-0.50682,0.08591,0.08591,,0.06075,0.06075,,0.70377,-0.50682,0.08591,0.08591,,0.06075,0.06075,,,,2,14.06,0.10832,0.07660,
12-SYBR,vitellogenin,BA84_25dpe_2668,,0.79397,-0.33284,0.02434,0.02434,,0.01721,0.01721,,,,0.85404,-0.22763,0.06246,0.06246,,0.04416,0.04416,,0.85404,-0.22763,0.06246,0.06246,,0.04416,0.04416,,,,2,14.05,0.04549,0.03217,
6-SYBR,vitellogenin,BA84_25dpe_87,,0.37005,-1.43419,0.15840,0.15840,,0.09145,0.09145,,,,0.93993,-0.08937,0.51252,0.51252,,0.29590,0.29590,,0.93993,-0.08937,0.51252,0.51252,,0.29590,0.29590,,,,3,15.19,0.63510,0.36668,
6-SYBR,vitellogenin,BA84_25dpe_88,,0.90825,-0.13884,0.76521,0.76521,,0.44179,0.44179,,,,2.16905,1.11706,1.90773,1.90773,,1.10143,1.10143,,2.16905,1.11706,1.90773,1.90773,,1.10143,1.10143,,,,3,13.85,1.25008,0.72173,
6-SYBR,vitellogenin,BA84_25dpe_92,,0.56443,-0.82514,0.44281,0.44281,,0.25566,0.25566,,,,0.99309,-0.01000,0.80199,0.80199,,0.46303,0.46303,,0.99309,-0.01000,0.80199,0.80199,,0.46303,0.46303,,,,3,14.56,1.16406,0.67207,
6-SYBR,vitellogenin,BA84_35dpe_100,,0.21865,-2.19328,0.17280,0.17280,,0.09977,0.09977,,,,0.50691,-0.98020,0.41703,0.41703,,0.24077,0.24077,,0.50691,-0.98020,0.41703,0.41703,,0.24077,0.24077,,,,3,15.97,1.17259,0.67700,
5-SYBR,vitellogenin,BA84_35dpe_235,,1.64253,0.71592,0.13729,0.13729,,0.07926,0.07926,,,,2.19541,1.13449,0.55465,0.55465,,0.32023,0.32023,,2.19541,1.13449,0.55465,0.55465,,0.32023,0.32023,,,,3,12.97,0.12402,0.07160,
5-SYBR,vitellogenin,BA84_35dpe_236,,1.02596,0.03698,0.84710,0.84710,,0.48908,0.48908,,,,1.11110,0.15199,0.93955,0.93955,,0.54245,0.54245,,1.11110,0.15199,0.93955,0.93955,,0.54245,0.54245,,,,3,13.67,1.22509,0.70731,
5-SYBR,vitellogenin,BA84_35dpe_237,,0.54011,-0.88867,0.32554,0.32554,,0.18795,0.18795,,,,0.99106,-0.01296,0.67987,0.67987,,0.39253,0.39253,,0.99106,-0.01296,0.67987,0.67987,,0.39253,0.39253,,,,3,14.62,0.89430,0.51633,
5-SYBR,vitellogenin,BA84_35dpe_240,,0.94137,-0.08716,0.35153,0.35153,,0.20296,0.20296,,,,1.54167,0.62449,0.69842,0.69842,,0.40323,0.40323,,1.54167,0.62449,0.69842,0.69842,,0.40323,0.40323,,,,3,13.80,0.55407,0.31989,
5-SYBR,vitellogenin,BA84_35dpe_241,,0.39201,-1.35104,0.16260,0.16260,,0.09388,0.09388,,,,0.60333,-0.72899,0.33371,0.33371,,0.19267,0.19267,,0.60333,-0.72899,0.33371,0.33371,,0.19267,0.19267,,,,3,15.10,0.61544,0.35533,
9-SYBR,vitellogenin,BA84_35dpe_2648,,0.48177,-1.05359,0.05453,0.05453,,0.03148,0.03148,,,,0.63042,-0.66560,0.09340,0.09340,,0.05393,0.05393,,0.63042,-0.66560,0.09340,0.09340,,0.05393,0.05393,,,,3,14.79,0.16794,0.09696,
9-SYBR,vitellogenin,BA84_35dpe_2649,,0.40148,-1.31658,0.10577,0.10577,,0.06107,0.06107,,,,0.58274,-0.77907,0.17011,0.17011,,0.09821,0.09821,,0.58274,-0.77907,0.17011,0.17011,,0.09821,0.09821,,,,3,15.06,0.39091,0.22569,
9-SYBR,vitellogenin,BA84_35dpe_2650,,0.77014,-0.37681,0.37483,0.37483,,0.21641,0.21641,,,,1.30865,0.38808,0.63785,0.63785,,0.36826,0.36826,,1.30865,0.38808,0.63785,0.63785,,0.36826,0.36826,,,,3,14.10,0.72215,0.41693,
9-SYBR,vitellogenin,BA84_35dpe_2651,,1.93663,0.95355,0.47692,0.47692,,0.33723,0.33723,,,,3.13804,1.64986,0.77947,0.77947,,0.55117,0.55117,,3.13804,1.64986,0.77947,0.77947,,0.55117,0.55117,,,,2,12.73,0.36539,0.25837,
9-SYBR,vitellogenin,BA84_35dpe_2652,,0.70224,-0.50996,0.23832,0.23832,,0.13759,0.13759,,,,0.72549,-0.46297,0.26300,0.26300,,0.15185,0.15185,,0.72549,-0.46297,0.26300,0.26300,,0.15185,0.15185,,,,3,14.23,0.50354,0.29072,
9-SYBR,vitellogenin,BA84_35dpe_2653,,0.37272,-1.42382,0.03772,0.03772,,0.02667,0.02667,,,,0.56330,-0.82801,0.06198,0.06198,,0.04383,0.04383,,0.56330,-0.82801,0.06198,0.06198,,0.04383,0.04383,,,,2,15.17,0.15016,0.10618,
9-SYBR,vitellogenin,BA84_35dpe_2654,,0.66058,-0.59819,0.18280,0.18280,,0.10554,0.10554,,,,0.68972,-0.53592,0.19200,0.19200,,0.11085,0.11085,,0.68972,-0.53592,0.19200,0.19200,,0.11085,0.11085,,,,3,14.33,0.41058,0.23705,
9-SYBR,vitellogenin,BA84_35dpe_2655,,0.40443,-1.30605,0.08025,0.08025,,0.04633,0.04633,,,,0.58613,-0.77071,0.13640,0.13640,,0.07875,0.07875,,0.58613,-0.77071,0.13640,0.13640,,0.07875,0.07875,,,,3,15.05,0.29442,0.16999,
9-SYBR,vitellogenin,BA84_35dpe_2656,,0.47470,-1.07491,0.08669,0.08669,,0.05005,0.05005,,,,0.53754,-0.89555,0.10403,0.10403,,0.06006,0.06006,,0.53754,-0.89555,0.10403,0.10403,,0.06006,0.06006,,,,3,14.82,0.27097,0.15644,
9-SYBR,vitellogenin,BA84_35dpe_2657,,0.28645,-1.80366,0.03016,0.03016,,0.02133,0.02133,,,,0.24847,-2.00884,0.03712,0.03712,,0.02625,0.02625,,0.24847,-2.00884,0.03712,0.03712,,0.02625,0.02625,,,,2,15.56,0.15623,0.11047,
6-SYBR,vitellogenin,BA84_35dpe_98,,0.31309,-1.67533,0.19472,0.19472,,0.11242,0.11242,,,,0.58041,-0.78486,0.41682,0.41682,,0.24065,0.24065,,0.58041,-0.78486,0.41682,0.41682,,0.24065,0.24065,,,,3,15.43,0.92280,0.53278,
6-SYBR,vitellogenin,BA84_35dpe_99,,0.17559,-2.50970,0.11220,0.11220,,0.06478,0.06478,,,,0.34916,-1.51804,0.26093,0.26093,,0.15065,0.15065,,0.34916,-1.51804,0.26093,0.26093,,0.15065,0.15065,,,,3,16.29,0.94812,0.54740,
6-SYBR,vitellogenin,BA84_male_103,,0.00016,-12.59873,0.00013,0.00013,,0.00008,0.00008,,,,0.00115,-9.76560,0.00099,0.00099,,0.00057,0.00057,,0.00115,-9.76560,0.00099,0.00099,,0.00057,0.00057,,,,3,26.67,1.21624,0.70220,
6-SYBR,vitellogenin,BA84_male_1918,,0.00009,-13.44221,0.00001,0.00001,,0.00001,0.00001,,,,0.00019,-12.32886,0.00004,0.00004,,0.00002,0.00002,,0.00019,-12.32886,0.00004,0.00004,,0.00002,0.00002,,,,3,27.53,0.18453,0.10654,
6-SYBR,vitellogenin,BA84_male_1919,,0.00027,-11.83458,0.00013,0.00013,,0.00007,0.00007,,,,0.00072,-10.44899,0.00038,0.00038,,0.00022,0.00022,,0.00072,-10.44899,0.00038,0.00038,,0.00022,0.00022,,,,3,25.88,0.70267,0.40569,
6-SYBR,vitellogenin,BA84_male_1920,,0.00012,-13.04212,0.00005,0.00005,,0.00003,0.00003,,,,0.00042,-11.20119,0.00024,0.00024,,0.00014,0.00014,,0.00042,-11.20119,0.00024,0.00024,,0.00014,0.00014,,,,3,27.12,0.68591,0.39601,
5-SYBR,vitellogenin,BA84_male_221,,0.00073,-10.42390,0.00016,0.00016,,0.00009,0.00009,,,,0.00195,-9.00519,0.00063,0.00063,,0.00036,0.00036,,0.00195,-9.00519,0.00063,0.00063,,0.00036,0.00036,,,,3,24.43,0.31976,0.18461,
5-SYBR,vitellogenin,BA84_male_242,,0.00018,-12.40824,0.00012,0.00012,,0.00007,0.00007,,,,0.00022,-12.17498,0.00018,0.00018,,0.00010,0.00010,,0.00022,-12.17498,0.00018,0.00018,,0.00010,0.00010,,,,3,26.47,0.95403,0.55081,
12-SYBR,vitellogenin,BA84_male_2691,,0.00031,-11.66200,0.00007,0.00007,,0.00004,0.00004,,,,0.00026,-11.91005,0.00007,0.00007,,0.00004,0.00004,,0.00026,-11.91005,0.00007,0.00007,,0.00004,0.00004,,,,3,25.70,0.32697,0.18878,
6-SYBR,vitellogenin,BA84_male_89,,0.00017,-12.50547,0.00001,0.00001,,0.00001,0.00001,,,,0.00023,-12.07908,0.00003,0.00003,,0.00002,0.00002,,0.00023,-12.07908,0.00003,0.00003,,0.00002,0.00002,,,,3,26.57,0.11893,0.06867,
6-SYBR,vitellogenin,BRA20_14dpe_104,,0.49937,-1.00181,0.28247,0.28247,,0.16309,0.16309,,,,0.95591,-0.06506,0.64080,0.64080,,0.36996,0.36996,,0.95591,-0.06506,0.64080,0.64080,,0.36996,0.36996,,,,3,14.74,0.83930,0.48457,
6-SYBR,vitellogenin,BRA20_14dpe_105,,0.02054,-5.60543,0.00758,0.00758,,0.00437,0.00437,,,,0.04076,-4.61675,0.02030,0.02030,,0.01172,0.01172,,0.04076,-4.61675,0.02030,0.02030,,0.01172,0.01172,,,,3,19.47,0.54734,0.31601,
5-SYBR,vitellogenin,BRA20_14dpe_110,,0.00202,-8.95261,0.00042,0.00042,,0.00024,0.00024,,,,0.00253,-8.62590,0.00059,0.00059,,0.00034,0.00034,,0.00253,-8.62590,0.00059,0.00059,,0.00034,0.00034,,,,3,22.92,0.30921,0.17852,
5-SYBR,vitellogenin,BRA20_14dpe_228,,1.41643,0.50226,0.59281,0.59281,,0.34226,0.34226,,,,2.45801,1.29749,1.11680,1.11680,,0.64479,0.64479,,2.45801,1.29749,1.11680,1.11680,,0.64479,0.64479,,,,3,13.19,0.62099,0.35853,
12-SYBR,vitellogenin,BRA20_14dpe_2669,,1.22629,0.29430,0.12406,0.12406,,0.07163,0.07163,,,,1.68311,0.75113,0.23151,0.23151,,0.13366,0.13366,,1.68311,0.75113,0.23151,0.23151,,0.13366,0.13366,,,,3,13.41,0.15011,0.08667,
12-SYBR,vitellogenin,BRA20_14dpe_2670,,1.52120,0.60521,0.28332,0.28332,,0.16357,0.16357,,,,2.35741,1.23720,0.50297,0.50297,,0.29039,0.29039,,2.35741,1.23720,0.50297,0.50297,,0.29039,0.29039,,,,3,13.09,0.27635,0.15955,
12-SYBR,vitellogenin,BRA20_14dpe_2679,,1.27239,0.34754,0.15033,0.15033,,0.08679,0.08679,,,,1.32096,0.40159,0.23526,0.23526,,0.13583,0.13583,,1.32096,0.40159,0.23526,0.23526,,0.13583,0.13583,,,,3,13.35,0.17530,0.10121,
12-SYBR,vitellogenin,BRA20_14dpe_2682,,1.68256,0.75066,0.37719,0.37719,,0.21777,0.21777,,,,1.79246,0.84194,0.42132,0.42132,,0.24325,0.24325,,1.79246,0.84194,0.42132,0.42132,,0.24325,0.24325,,,,3,12.94,0.33262,0.19204,
12-SYBR,vitellogenin,BRA20_14dpe_2683,,1.83478,0.87561,0.81559,0.81559,,0.57671,0.57671,,,,1.96503,0.97455,0.90312,0.90312,,0.63860,0.63860,,1.96503,0.97455,0.90312,0.90312,,0.63860,0.63860,,,,2,12.81,0.65955,0.46637,
12-SYBR,vitellogenin,BRA20_14dpe_2684,,1.95855,0.96979,0.40219,0.40219,,0.28439,0.28439,,,,2.17159,1.11875,0.48886,0.48886,,0.34568,0.34568,,2.17159,1.11875,0.48886,0.48886,,0.34568,0.34568,,,,2,12.71,0.30469,0.21545,
6-SYBR,vitellogenin,BRA20_14dpe_94,,0.11047,-3.17828,0.06070,0.06070,,0.03504,0.03504,,,,0.24296,-2.04121,0.15253,0.15253,,0.08806,0.08806,,0.24296,-2.04121,0.15253,0.15253,,0.08806,0.08806,,,,3,16.98,0.81527,0.47070,
6-SYBR,vitellogenin,BRA20_18dpe_1916,,0.62358,-0.68135,0.14365,0.14365,,0.08294,0.08294,,,,1.12187,0.16590,0.44671,0.44671,,0.25791,0.25791,,1.12187,0.16590,0.44671,0.44671,,0.25791,0.25791,,,,3,14.41,0.34180,0.19734,
12-SYBR,vitellogenin,BRA20_18dpe_2685,,0.82244,-0.28202,0.07956,0.07956,,0.04593,0.04593,,,,0.94194,-0.08629,0.09683,0.09683,,0.05591,0.05591,,0.94194,-0.08629,0.09683,0.09683,,0.05591,0.05591,,,,3,14.00,0.14354,0.08287,
5-SYBR,vitellogenin,BRA20_25dpe_225,,2.10637,1.07476,1.96612,1.96612,,1.13514,1.13514,,,,3.10278,1.63356,3.00238,3.00238,,1.73342,1.73342,,3.10278,1.63356,3.00238,3.00238,,1.73342,1.73342,,,,3,12.60,1.38496,0.79961,
5-SYBR,vitellogenin,BRA20_25dpe_226,,0.39849,-1.32738,0.18099,0.18099,,0.10449,0.10449,,,,0.89728,-0.15637,0.50227,0.50227,,0.28999,0.28999,,0.89728,-0.15637,0.50227,0.50227,,0.28999,0.28999,,,,3,15.08,0.67391,0.38908,
5-SYBR,vitellogenin,BRA20_25dpe_234,,2.06242,1.04434,2.01939,2.01939,,1.16590,1.16590,,,,2.87160,1.52186,3.05131,3.05131,,1.76167,1.76167,,2.87160,1.52186,3.05131,3.05131,,1.76167,1.76167,,,,3,12.64,1.45280,0.83877,
5-SYBR,vitellogenin,BRA20_25dpe_246,,1.19146,0.25273,1.38514,1.38514,,0.79971,0.79971,,,,1.33151,0.41307,1.65296,1.65296,,0.95434,0.95434,,1.33151,0.41307,1.65296,1.65296,,0.95434,0.95434,,,,3,13.45,1.72496,0.99590,
12-SYBR,vitellogenin,BRA20_25dpe_2671,,1.61577,0.69222,0.13232,0.13232,,0.09357,0.09357,,,,2.55178,1.35151,0.32852,0.32852,,0.23230,0.23230,,2.55178,1.35151,0.32852,0.32852,,0.23230,0.23230,,,,2,13.00,0.12151,0.08592,
12-SYBR,vitellogenin,BRA20_25dpe_2672,,0.94300,-0.08467,0.13078,0.13078,,0.07550,0.07550,,,,1.28209,0.35850,0.24479,0.24479,,0.14133,0.14133,,1.28209,0.35850,0.24479,0.24479,,0.14133,0.14133,,,,3,13.80,0.20577,0.11880,
12-SYBR,vitellogenin,BRA20_25dpe_2673,,0.81708,-0.29146,0.05822,0.05822,,0.03361,0.03361,,,,1.18821,0.24879,0.09322,0.09322,,0.05382,0.05382,,1.18821,0.24879,0.09322,0.09322,,0.05382,0.05382,,,,3,14.01,0.10572,0.06104,
12-SYBR,vitellogenin,BRA20_25dpe_2674,,0.40123,-1.31748,0.00227,0.00227,,0.00161,0.00161,,,,0.37903,-1.39960,0.04253,0.04253,,0.03007,0.03007,,0.37903,-1.39960,0.04253,0.04253,,0.03007,0.03007,,,,2,15.06,0.00841,0.00594,
12-SYBR,vitellogenin,BRA20_25dpe_2675,,0.65519,-0.61001,0.01710,0.01710,,0.01209,0.01209,,,,0.78925,-0.34145,0.09116,0.09116,,0.06446,0.06446,,0.78925,-0.34145,0.09116,0.09116,,0.06446,0.06446,,,,2,14.34,0.03873,0.02738,
12-SYBR,vitellogenin,BRA20_25dpe_2676,,1.38476,0.46963,0.10693,0.10693,,0.06174,0.06174,,,,1.81839,0.86266,0.22908,0.22908,,0.13226,0.13226,,1.81839,0.86266,0.22908,0.22908,,0.13226,0.13226,,,,3,13.23,0.11458,0.06615,
6-SYBR,vitellogenin,BRA20_25dpe_90,,1.06978,0.09732,0.54492,0.54492,,0.31461,0.31461,,,,2.30081,1.20214,1.28452,1.28452,,0.74162,0.74162,,2.30081,1.20214,1.28452,1.28452,,0.74162,0.74162,,,,3,13.61,0.75579,0.43635,
5-SYBR,vitellogenin,BRA20_35dpe_238,,0.57038,-0.81001,0.28739,0.28739,,0.16592,0.16592,,,,1.23963,0.30990,0.85367,0.85367,,0.49287,0.49287,,1.23963,0.30990,0.85367,0.85367,,0.49287,0.49287,,,,3,14.54,0.74759,0.43162,
5-SYBR,vitellogenin,BRA20_35dpe_239,,0.50104,-0.99701,0.13029,0.13029,,0.07522,0.07522,,,,0.69356,-0.52791,0.30128,0.30128,,0.17394,0.17394,,0.69356,-0.52791,0.30128,0.30128,,0.17394,0.17394,,,,3,14.74,0.38583,0.22276,
5-SYBR,vitellogenin,BRA20_35dpe_243,,0.82862,-0.27121,0.27714,0.27714,,0.16001,0.16001,,,,1.20479,0.26878,0.62863,0.62863,,0.36294,0.36294,,1.20479,0.26878,0.62863,0.62863,,0.36294,0.36294,,,,3,13.99,0.49626,0.28651,
5-SYBR,vitellogenin,BRA20_35dpe_244,,0.18337,-2.44713,0.08468,0.08468,,0.04889,0.04889,,,,0.24279,-2.04224,0.12655,0.12655,,0.07307,0.07307,,0.24279,-2.04224,0.12655,0.12655,,0.07307,0.07307,,,,3,16.23,0.68517,0.39558,
12-SYBR,vitellogenin,BRA20_35dpe_2681,,1.22792,0.29622,0.13414,0.13414,,0.09485,0.09485,,,,1.31607,0.39624,0.15055,0.15055,,0.10646,0.10646,,1.31607,0.39624,0.15055,0.15055,,0.10646,0.10646,,,,2,13.41,0.16209,0.11461,
12-SYBR,vitellogenin,BRA20_35dpe_2686,,0.73244,-0.44921,0.07724,0.07724,,0.04459,0.04459,,,,0.88784,-0.17162,0.11793,0.11793,,0.06809,0.06809,,0.88784,-0.17162,0.11793,0.11793,,0.06809,0.06809,,,,3,14.17,0.15646,0.09033,
12-SYBR,vitellogenin,BRA20_35dpe_2688,,0.99577,-0.00612,0.16227,0.16227,,0.09369,0.09369,,,,0.88631,-0.17411,0.18359,0.18359,,0.10600,0.10600,,0.88631,-0.17411,0.18359,0.18359,,0.10600,0.10600,,,,3,13.72,0.24180,0.13960,
6-SYBR,vitellogenin,BRA20_35dpe_97,,0.07313,-3.77344,0.05833,0.05833,,0.03368,0.03368,,,,0.15584,-2.68185,0.12949,0.12949,,0.07476,0.07476,,0.15584,-2.68185,0.12949,0.12949,,0.07476,0.07476,,,,3,17.59,1.18355,0.68332,
5-SYBR,vitellogenin,BRA20_male_227,,0.00021,-12.24682,0.00003,0.00003,,0.00002,0.00002,,,,0.00048,-11.03397,0.00011,0.00011,,0.00007,0.00007,,0.00048,-11.03397,0.00011,0.00011,,0.00007,0.00007,,,,3,26.31,0.19271,0.11126,
5-SYBR,vitellogenin,BRA20_male_245,,0.00017,-12.48053,0.00009,0.00009,,0.00005,0.00005,,,,0.00033,-11.56786,0.00024,0.00024,,0.00014,0.00014,,0.00033,-11.56786,0.00024,0.00024,,0.00014,0.00014,,,,3,26.55,0.78361,0.45242,
6-SYBR,vitellogenin,BRA20_male_93,,0.00015,-12.65850,0.00004,0.00004,,0.00002,0.00002,,,,0.00030,-11.69400,0.00009,0.00009,,0.00005,0.00005,,0.00030,-11.69400,0.00009,0.00009,,0.00005,0.00005,,,,3,26.73,0.35840,0.20692,
6-SYBR,vitellogenin,MO190_14dpe_1923,,0.00017,-12.54180,0.00007,0.00007,,0.00004,0.00004,,,,0.00038,-11.35374,0.00018,0.00018,,0.00010,0.00010,,0.00038,-11.35374,0.00018,0.00018,,0.00010,0.00010,,,,3,26.61,0.59719,0.34479,
12-SYBR,vitellogenin,MO190_14dpe_2687,,0.76403,-0.38830,0.06660,0.06660,,0.04709,0.04709,,,,1.01880,0.02687,0.15079,0.15079,,0.10662,0.10662,,1.01880,0.02687,0.15079,0.15079,,0.10662,0.10662,,,,2,14.11,0.12933,0.09145,
6-SYBR,vitellogenin,MO190_14dpe_95,,0.03232,-4.95161,0.01375,0.01375,,0.00794,0.00794,,,,0.07135,-3.80902,0.04278,0.04278,,0.02470,0.02470,,0.07135,-3.80902,0.04278,0.04278,,0.02470,0.02470,,,,3,18.80,0.63144,0.36456,
12-SYBR,vitellogenin,MO190_25dpe_2677,,0.22760,-2.13543,0.00197,0.00197,,0.00114,0.00114,,,,0.38578,-1.37415,0.01601,0.01601,,0.00924,0.00924,,0.38578,-1.37415,0.01601,0.01601,,0.00924,0.00924,,,,3,15.91,0.01285,0.00742,
12-SYBR,vitellogenin,MO190_25dpe_2690,,0.60249,-0.73100,0.07838,0.07838,,0.05542,0.05542,,,,0.67779,-0.56109,0.10354,0.10354,,0.07321,0.07321,,0.67779,-0.56109,0.10354,0.10354,,0.07321,0.07321,,,,2,14.46,0.19303,0.13649,
6-SYBR,vitellogenin,MO190_25dpe_91,,0.51679,-0.95234,0.28133,0.28133,,0.16243,0.16243,,,,1.32921,0.41057,0.90644,0.90644,,0.52333,0.52333,,1.32921,0.41057,0.90644,0.90644,,0.52333,0.52333,,,,3,14.69,0.80773,0.46634,
12-SYBR,vitellogenin,MO190_35dpe_2678,,0.85451,-0.22683,0.05490,0.05490,,0.03882,0.03882,,,,1.16508,0.22043,0.15330,0.15330,,0.10840,0.10840,,1.16508,0.22043,0.15330,0.15330,,0.10840,0.10840,,,,2,13.94,0.09533,0.06741,
6-SYBR,vitellogenin,MO190_male_96,,0.00011,-13.09403,0.00005,0.00005,,0.00003,0.00003,,,,0.00023,-12.09833,0.00012,0.00012,,0.00007,0.00007,,0.00023,-12.09833,0.00012,0.00012,,0.00007,0.00007,,,,3,27.18,0.62688,0.36193,
